1,2,3,4,5,6,7,8,9,10,11,12,13,14,15,16,17,18,19,20,21,22,23,24,25,26,27,28,29,30,31,32,33,34,35,36,37,38,39,40,41,42,43,44,45,46,47,48,49,50,51,52,53,54,55,56,57,58,59,60,61,62,63,64,65,66,67,68,69,70,71,72,73,74,75,76,77,78,79,80,81,82,83,84,85,86,87,88,89,90,91,92,93,94,95,96,97,98,99,100
1,2,3,4,5,6,7,8,9,10,11,12,13,14,15,16,17,18,19,20,21,22,23,24,25,26,27,28,29,30,31,32,33,34,35,36,37,38,39,40,41,42,43,44,45,46,47,48,49,50,51,52,53,54,55,56,57,58,59,60,61,62,63,64,65,66,67,68,69,70,71,72,73,74,75,76,77,78,79,80,81,82,83,84,85,86,87,88,89,90,91,92,93,94,95,96,97,98,99,100
0.84,0.91,0.14,-0.76,-0.96,-0.28,0.66,0.99,0.41,-0.54,-1.0,-0.54,0.42,0.99,0.65,-0.29,-0.96,-0.75,0.15,0.91,0.84,-0.01,-0.85,-0.91,-0.13,0.76,0.96,0.27,-0.66,-0.99,-0.4,0.55,1.0,0.53,-0.43,-0.99,-0.64,0.3,0.96,0.75,-0.16,-0.92,-0.83,0.02,0.85,0.9,0.12,-0.77,-0.95,-0.26,0.67,0.99,0.4,-0.56,-1.0,-0.52,0.44,0.99,0.64,-0.3,-0.97,-0.74,0.17,0.92,0.83,-0.03,-0.86,-0.9,-0.11,0.77,0.95,0.25,-0.68,-0.99,-0.39,0.57,1.0,0.51,-0.44,-0.99,-0.63,0.31,0.97,0.73,-0.18,-0.92,-0.82,0.04,0.86,0.89,0.11,-0.78,-0.95,-0.25,0.68,0.98,0.38,-0.57,-1.0,-0.51
1.82,-1.51,-0.56,1.98,-1.09,-1.07,1.98,-0.58,-1.5,1.83,-0.02,-1.81,1.53,0.54,-1.98,1.1,1.06,-1.98,0.59,1.49,-1.83,0.04,1.8,-1.54,-0.52,1.97,-1.12,-1.04,1.99,-0.61,-1.48,1.84,-0.05,-1.8,1.55,0.51,-1.97,1.13,1.03,-1.99,0.63,1.47,-1.85,0.07,1.79,-1.56,-0.49,1.97,-1.15,-1.01,1.99,-0.64,-1.45,1.85,-0.09,-1.78,1.57,0.47,-1.96,1.16,1.0,-1.99,0.66,1.44,-1.86,0.11,1.77,-1.58,-0.46,1.96,-1.18,-0.98,1.99,-0.68,-1.43,1.87,-0.12,-1.76,1.59,0.44,-1.96,1.19,0.97,-1.99,0.69,1.42,-1.87,0.14,1.76,-1.6,-0.42,1.95,-1.2,-0.95,2.0,-0.71,-1.4,1.88,-0.16,-1.75
0.42,-0.84,1.24,-1.61,1.95,-2.25,2.51,-2.72,2.87,-2.96,3.0,-2.98,2.89,-2.75,2.55,-2.3,2.01,-1.68,1.31,-0.91,0.5,-0.08,-0.34,0.76,-1.16,1.54,-1.89,2.2,-2.47,2.68,-2.84,2.95,-3.0,2.98,-2.91,2.78,-2.59,2.35,-2.07,1.74,-1.38,0.99,-0.58,0.16,0.27,-0.68,1.09,-1.47,1.83,-2.14,2.42,-2.65,2.82,-2.94,2.99,-2.99,2.93,-2.81,2.63,-2.4,2.13,-1.81,1.45,-1.06,0.66,-0.24,-0.19,0.61,-1.01,1.4,-1.76,2.09,-2.37,2.61,-2.79,2.92,-2.99,3.0,-2.95,2.84,-2.67,2.45,-2.18,1.87,-1.52,1.14,-0.74,0.32,0.11,-0.53,0.94,-1.33,1.7,-2.03,2.32,-2.57,2.76,-2.9,2.98,-3.0
-3.03,3.96,-2.15,-1.15,3.65,-3.62,1.08,2.21,-3.97,2.98,0.07,-3.07,3.95,-2.09,-1.22,3.68,-3.59,1.02,2.26,-3.98,2.93,0.14,-3.12,3.93,-2.03,-1.29,3.71,-3.56,0.95,2.32,-3.98,2.88,0.21,-3.16,3.92,-1.96,-1.35,3.73,-3.53,0.88,2.38,-3.99,2.83,0.28,-3.2,3.91,-1.9,-1.42,3.76,-3.49,0.81,2.44,-3.99,2.78,0.35,-3.25,3.89,-1.84,-1.49,3.78,-3.46,0.74,2.49,-4.0,2.73,0.42,-3.29,3.87,-1.78,-1.55,3.8,-3.42,0.67,2.55,-4.0,2.68,0.49,-3.33,3.86,-1.71,-1.62,3.83,-3.38,0.6,2.6,-4.0,2.63,0.56,-3.37,3.84,-1.65,-1.68,3.85,-3.35,0.53,2.65,-4.0,2.57,0.63,-3.4
-4.79,-2.72,3.25,4.56,-0.66,-4.94,-2.14,3.73,4.25,-1.31,-5.0,-1.52,4.13,3.87,-1.94,-4.97,-0.88,4.47,3.42,-2.53,-4.85,-0.22,4.73,2.9,-3.08,-4.65,0.44,4.9,2.34,-3.57,-4.37,1.1,4.99,1.73,-4.01,-4.01,1.73,4.99,1.1,-4.37,-3.57,2.34,4.9,0.44,-4.65,-3.08,2.9,4.73,-0.22,-4.85,-2.53,3.42,4.47,-0.88,-4.97,-1.94,3.87,4.13,-1.52,-5.0,-1.31,4.25,3.73,-2.14,-4.94,-0.66,4.56,3.25,-2.72,-4.79,-0.0,4.79,2.72,-3.25,-4.56,0.66,4.94,2.14,-3.73,-4.25,1.31,5.0,1.52,-4.13,-3.87,1.94,4.97,0.88,-4.47,-3.42,2.53,4.85,0.22,-4.73,-2.9,3.08,4.65,-0.44,-4.9,-2.34
-1.68,-3.22,-4.51,-5.43,-5.93,-5.95,-5.5,-4.61,-3.35,-1.83,-0.16,1.52,3.08,4.4,5.36,5.9,5.97,5.56,4.71,3.48,1.98,0.32,-1.37,-2.95,-4.29,-5.29,-5.87,-5.98,-5.62,-4.81,-3.61,-2.13,-0.48,1.21,2.81,4.18,5.21,5.84,5.99,5.67,4.9,3.74,2.28,0.64,-1.06,-2.66,-4.06,-5.13,-5.8,-6.0,-5.72,-4.99,-3.86,-2.42,-0.79,0.9,2.52,3.94,5.05,5.75,6.0,5.77,5.08,3.98,2.57,0.95,-0.74,-2.38,-3.82,-4.96,-5.71,-6.0,-5.81,-5.16,-4.1,-2.71,-1.11,0.58,2.23,3.7,4.87,5.66,5.99,5.85,5.24,4.21,2.85,1.27,-0.42,-2.08,-3.57,-4.77,-5.6,-5.98,-5.88,-5.32,-4.33,-2.99,-1.42,0.27
4.6,6.93,5.86,1.9,-3.0,-6.42,-6.68,-3.65,1.17,5.42,7.0,5.13,0.74,-4.01,-6.79,-6.23,-2.6,2.31,6.08,6.86,4.26,-0.43,-4.92,-6.98,-5.61,-1.48,3.38,6.58,6.53,3.27,-1.6,-5.68,-6.97,-4.83,-0.31,4.36,6.89,6.02,2.19,-2.71,-6.29,-6.76,-3.91,0.87,5.22,7.0,5.34,1.05,-3.76,-6.71,-6.36,-2.88,2.02,5.92,6.92,4.5,-0.12,-4.69,-6.95,-5.79,-1.78,3.11,6.46,6.64,3.54,-1.29,-5.49,-6.99,-5.05,-0.62,4.11,6.82,6.17,2.48,-2.43,-6.14,-6.84,-4.16,0.56,5.0,6.99,5.53,1.35,-3.49,-6.62,-6.49,-3.16,1.72,5.75,6.96,4.74,0.19,-4.46,-6.91,-5.96,-2.07,2.83,6.34,6.73,3.81
7.91,-2.3,-7.24,4.41,5.96,-6.15,-4.17,7.36,2.03,-7.95,0.28,7.87,-2.57,-7.12,4.64,5.77,-6.32,-3.93,7.47,1.76,-7.98,0.57,7.81,-2.84,-6.99,4.87,5.57,-6.49,-3.68,7.56,1.48,-7.99,0.85,7.75,-3.1,-6.84,5.09,5.36,-6.65,-3.43,7.65,1.2,-8.0,1.13,7.67,-3.36,-6.69,5.31,5.15,-6.81,-3.17,7.73,0.92,-8.0,1.41,7.59,-3.62,-6.53,5.52,4.93,-6.95,-2.91,7.8,0.64,-7.98,1.69,7.49,-3.87,-6.37,5.72,4.7,-7.09,-2.64,7.86,0.35,-7.96,1.96,7.39,-4.11,-6.19,5.91,4.47,-7.21,-2.37,7.9,0.07,-7.92,2.24,7.27,-4.35,-6.01,6.1,4.23,-7.33,-2.1,7.94,-0.21,-7.88,2.51,7.15
3.71,-6.76,8.61,-8.93,7.66,-5.03,1.51,2.28,-5.67,8.05,-8.99,8.34,-6.21,2.97,0.8,-4.42,7.26,-8.81,8.79,-7.21,4.35,-0.72,-3.04,6.26,-8.37,8.99,-8.01,5.61,-2.21,-1.58,5.09,-7.7,8.94,-8.58,6.71,-3.64,-0.08,3.78,-6.81,8.63,-8.92,7.62,-4.96,1.43,2.36,-5.73,8.08,-9.0,8.31,-6.15,2.89,0.87,-4.49,7.3,-8.82,8.77,-7.16,4.28,-0.64,-3.12,6.32,-8.4,8.99,-7.97,5.54,-2.13,-1.66,5.16,-7.74,8.94,-8.56,6.65,-3.56,-0.16,3.85,-6.86,8.65,-8.9,7.57,-4.9,1.35,2.44,-5.79,8.12,-9.0,8.28,-6.09,2.82,0.95,-4.56,7.35,-8.84,8.75,-7.11,4.21,-0.56,-3.19,6.38,-8.43,8.98
-5.44,9.13,-9.88,7.45,-2.62,-3.05,7.74,-9.94,8.94,-5.06,-0.44,5.81,-9.3,9.8,-7.15,2.19,3.47,-8.01,9.98,-8.73,4.68,0.88,-6.16,9.45,-9.71,6.83,-1.76,-3.88,8.27,-10.0,8.51,-4.28,-1.32,6.5,-9.59,9.59,-6.5,1.32,4.28,-8.51,10.0,-8.27,3.88,1.76,-6.83,9.71,-9.45,6.16,-0.88,-4.68,8.73,-9.98,8.01,-3.47,-2.19,7.15,-9.8,9.3,-5.81,0.44,5.06,-8.94,9.94,-7.74,3.05,2.62,-7.45,9.88,-9.13,5.44,0.0,-5.44,9.13,-9.88,7.45,-2.62,-3.05,7.74,-9.94,8.94,-5.06,-0.44,5.81,-9.3,9.8,-7.15,2.19,3.47,-8.01,9.98,-8.73,4.68,0.88,-6.16,9.45,-9.71,6.83,-1.76,-3.88,8.27
1.0,4.0,9.0,16.0,25.0,36.0,49.0,64.0,81.0,100.0,121.0,144.0,169.0,196.0,225.0,256.0,289.0,324.0,361.0,400.0,441.0,484.0,529.0,576.0,625.0,676.0,729.0,784.0,841.0,900.0,961.0,1024.0,1089.0,1156.0,1225.0,1296.0,1369.0,1444.0,1521.0,1600.0,1681.0,1764.0,1849.0,1936.0,2025.0,2116.0,2209.0,2304.0,2401.0,2500.0,2601.0,2704.0,2809.0,2916.0,3025.0,3136.0,3249.0,3364.0,3481.0,3600.0,3721.0,3844.0,3969.0,4096.0,4225.0,4356.0,4489.0,4624.0,4761.0,4900.0,5041.0,5184.0,5329.0,5476.0,5625.0,5776.0,5929.0,6084.0,6241.0,6400.0,6561.0,6724.0,6889.0,7056.0,7225.0,7396.0,7569.0,7744.0,7921.0,8100.0,8281.0,8464.0,8649.0,8836.0,9025.0,9216.0,9409.0,9604.0,9801.0,10000.0
0.5,2.0,4.5,8.0,12.5,18.0,24.5,32.0,40.5,50.0,60.5,72.0,84.5,98.0,112.5,128.0,144.5,162.0,180.5,200.0,220.5,242.0,264.5,288.0,312.5,338.0,364.5,392.0,420.5,450.0,480.5,512.0,544.5,578.0,612.5,648.0,684.5,722.0,760.5,800.0,840.5,882.0,924.5,968.0,1012.5,1058.0,1104.5,1152.0,1200.5,1250.0,1300.5,1352.0,1404.5,1458.0,1512.5,1568.0,1624.5,1682.0,1740.5,1800.0,1860.5,1922.0,1984.5,2048.0,2112.5,2178.0,2244.5,2312.0,2380.5,2450.0,2520.5,2592.0,2664.5,2738.0,2812.5,2888.0,2964.5,3042.0,3120.5,3200.0,3280.5,3362.0,3444.5,3528.0,3612.5,3698.0,3784.5,3872.0,3960.5,4050.0,4140.5,4232.0,4324.5,4418.0,4512.5,4608.0,4704.5,4802.0,4900.5,5000.0
0.33,1.33,3.0,5.33,8.33,12.0,16.33,21.33,27.0,33.33,40.33,48.0,56.33,65.33,75.0,85.33,96.33,108.0,120.33,133.33,147.0,161.33,176.33,192.0,208.33,225.33,243.0,261.33,280.33,300.0,320.33,341.33,363.0,385.33,408.33,432.0,456.33,481.33,507.0,533.33,560.33,588.0,616.33,645.33,675.0,705.33,736.33,768.0,800.33,833.33,867.0,901.33,936.33,972.0,1008.33,1045.33,1083.0,1121.33,1160.33,1200.0,1240.33,1281.33,1323.0,1365.33,1408.33,1452.0,1496.33,1541.33,1587.0,1633.33,1680.33,1728.0,1776.33,1825.33,1875.0,1925.33,1976.33,2028.0,2080.33,2133.33,2187.0,2241.33,2296.33,2352.0,2408.33,2465.33,2523.0,2581.33,2640.33,2700.0,2760.33,2821.33,2883.0,2945.33,3008.33,3072.0,3136.33,3201.33,3267.0,3333.33
0.25,1.0,2.25,4.0,6.25,9.0,12.25,16.0,20.25,25.0,30.25,36.0,42.25,49.0,56.25,64.0,72.25,81.0,90.25,100.0,110.25,121.0,132.25,144.0,156.25,169.0,182.25,196.0,210.25,225.0,240.25,256.0,272.25,289.0,306.25,324.0,342.25,361.0,380.25,400.0,420.25,441.0,462.25,484.0,506.25,529.0,552.25,576.0,600.25,625.0,650.25,676.0,702.25,729.0,756.25,784.0,812.25,841.0,870.25,900.0,930.25,961.0,992.25,1024.0,1056.25,1089.0,1122.25,1156.0,1190.25,1225.0,1260.25,1296.0,1332.25,1369.0,1406.25,1444.0,1482.25,1521.0,1560.25,1600.0,1640.25,1681.0,1722.25,1764.0,1806.25,1849.0,1892.25,1936.0,1980.25,2025.0,2070.25,2116.0,2162.25,2209.0,2256.25,2304.0,2352.25,2401.0,2450.25,2500.0
0.2,0.8,1.8,3.2,5.0,7.2,9.8,12.8,16.2,20.0,24.2,28.8,33.8,39.2,45.0,51.2,57.8,64.8,72.2,80.0,88.2,96.8,105.8,115.2,125.0,135.2,145.8,156.8,168.2,180.0,192.2,204.8,217.8,231.2,245.0,259.2,273.8,288.8,304.2,320.0,336.2,352.8,369.8,387.2,405.0,423.2,441.8,460.8,480.2,500.0,520.2,540.8,561.8,583.2,605.0,627.2,649.8,672.8,696.2,720.0,744.2,768.8,793.8,819.2,845.0,871.2,897.8,924.8,952.2,980.0,1008.2,1036.8,1065.8,1095.2,1125.0,1155.2,1185.8,1216.8,1248.2,1280.0,1312.2,1344.8,1377.8,1411.2,1445.0,1479.2,1513.8,1548.8,1584.2,1620.0,1656.2,1692.8,1729.8,1767.2,1805.0,1843.2,1881.8,1920.8,1960.2,2000.0
0.17,0.67,1.5,2.67,4.17,6.0,8.17,10.67,13.5,16.67,20.17,24.0,28.17,32.67,37.5,42.67,48.17,54.0,60.17,66.67,73.5,80.67,88.17,96.0,104.17,112.67,121.5,130.67,140.17,150.0,160.17,170.67,181.5,192.67,204.17,216.0,228.17,240.67,253.5,266.67,280.17,294.0,308.17,322.67,337.5,352.67,368.17,384.0,400.17,416.67,433.5,450.67,468.17,486.0,504.17,522.67,541.5,560.67,580.17,600.0,620.17,640.67,661.5,682.67,704.17,726.0,748.17,770.67,793.5,816.67,840.17,864.0,888.17,912.67,937.5,962.67,988.17,1014.0,1040.17,1066.67,1093.5,1120.67,1148.17,1176.0,1204.17,1232.67,1261.5,1290.67,1320.17,1350.0,1380.17,1410.67,1441.5,1472.67,1504.17,1536.0,1568.17,1600.67,1633.5,1666.67
0.14,0.57,1.29,2.29,3.57,5.14,7.0,9.14,11.57,14.29,17.29,20.57,24.14,28.0,32.14,36.57,41.29,46.29,51.57,57.14,63.0,69.14,75.57,82.29,89.29,96.57,104.14,112.0,120.14,128.57,137.29,146.29,155.57,165.14,175.0,185.14,195.57,206.29,217.29,228.57,240.14,252.0,264.14,276.57,289.29,302.29,315.57,329.14,343.0,357.14,371.57,386.29,401.29,416.57,432.14,448.0,464.14,480.57,497.29,514.29,531.57,549.14,567.0,585.14,603.57,622.29,641.29,660.57,680.14,700.0,720.14,740.57,761.29,782.29,803.57,825.14,847.0,869.14,891.57,914.29,937.29,960.57,984.14,1008.0,1032.14,1056.57,1081.29,1106.29,1131.57,1157.14,1183.0,1209.14,1235.57,1262.29,1289.29,1316.57,1344.14,1372.0,1400.14,1428.57
0.12,0.5,1.12,2.0,3.12,4.5,6.12,8.0,10.12,12.5,15.12,18.0,21.12,24.5,28.12,32.0,36.12,40.5,45.12,50.0,55.12,60.5,66.12,72.0,78.12,84.5,91.12,98.0,105.12,112.5,120.12,128.0,136.12,144.5,153.12,162.0,171.12,180.5,190.12,200.0,210.12,220.5,231.12,242.0,253.12,264.5,276.12,288.0,300.12,312.5,325.12,338.0,351.12,364.5,378.12,392.0,406.12,420.5,435.12,450.0,465.12,480.5,496.12,512.0,528.12,544.5,561.12,578.0,595.12,612.5,630.12,648.0,666.12,684.5,703.12,722.0,741.12,760.5,780.12,800.0,820.12,840.5,861.12,882.0,903.12,924.5,946.12,968.0,990.12,1012.5,1035.12,1058.0,1081.12,1104.5,1128.12,1152.0,1176.12,1200.5,1225.12,1250.0
0.11,0.44,1.0,1.78,2.78,4.0,5.44,7.11,9.0,11.11,13.44,16.0,18.78,21.78,25.0,28.44,32.11,36.0,40.11,44.44,49.0,53.78,58.78,64.0,69.44,75.11,81.0,87.11,93.44,100.0,106.78,113.78,121.0,128.44,136.11,144.0,152.11,160.44,169.0,177.78,186.78,196.0,205.44,215.11,225.0,235.11,245.44,256.0,266.78,277.78,289.0,300.44,312.11,324.0,336.11,348.44,361.0,373.78,386.78,400.0,413.44,427.11,441.0,455.11,469.44,484.0,498.78,513.78,529.0,544.44,560.11,576.0,592.11,608.44,625.0,641.78,658.78,676.0,693.44,711.11,729.0,747.11,765.44,784.0,802.78,821.78,841.0,860.44,880.11,900.0,920.11,940.44,961.0,981.78,1002.78,1024.0,1045.44,1067.11,1089.0,1111.11
0.1,0.4,0.9,1.6,2.5,3.6,4.9,6.4,8.1,10.0,12.1,14.4,16.9,19.6,22.5,25.6,28.9,32.4,36.1,40.0,44.1,48.4,52.9,57.6,62.5,67.6,72.9,78.4,84.1,90.0,96.1,102.4,108.9,115.6,122.5,129.6,136.9,144.4,152.1,160.0,168.1,176.4,184.9,193.6,202.5,211.6,220.9,230.4,240.1,250.0,260.1,270.4,280.9,291.6,302.5,313.6,324.9,336.4,348.1,360.0,372.1,384.4,396.9,409.6,422.5,435.6,448.9,462.4,476.1,490.0,504.1,518.4,532.9,547.6,562.5,577.6,592.9,608.4,624.1,640.0,656.1,672.4,688.9,705.6,722.5,739.6,756.9,774.4,792.1,810.0,828.1,846.4,864.9,883.6,902.5,921.6,940.9,960.4,980.1,1000.0
3,7,13,21,31,43,57,73,91,111,133,157,183,211,241,273,307,343,381,421,463,507,553,601,651,703,757,813,871,931,993,1057,1123,1191,1261,1333,1407,1483,1561,1641,1723,1807,1893,1981,2071,2163,2257,2353,2451,2551,2653,2757,2863,2971,3081,3193,3307,3423,3541,3661,3783,3907,4033,4161,4291,4423,4557,4693,4831,4971,5113,5257,5403,5551,5701,5853,6007,6163,6321,6481,6643,6807,6973,7141,7311,7483,7657,7833,8011,8191,8373,8557,8743,8931,9121,9313,9507,9703,9901,10101
6,11,18,27,38,51,66,83,102,123,146,171,198,227,258,291,326,363,402,443,486,531,578,627,678,731,786,843,902,963,1026,1091,1158,1227,1298,1371,1446,1523,1602,1683,1766,1851,1938,2027,2118,2211,2306,2403,2502,2603,2706,2811,2918,3027,3138,3251,3366,3483,3602,3723,3846,3971,4098,4227,4358,4491,4626,4763,4902,5043,5186,5331,5478,5627,5778,5931,6086,6243,6402,6563,6726,6891,7058,7227,7398,7571,7746,7923,8102,8283,8466,8651,8838,9027,9218,9411,9606,9803,10002,10203
9,15,23,33,45,59,75,93,113,135,159,185,213,243,275,309,345,383,423,465,509,555,603,653,705,759,815,873,933,995,1059,1125,1193,1263,1335,1409,1485,1563,1643,1725,1809,1895,1983,2073,2165,2259,2355,2453,2553,2655,2759,2865,2973,3083,3195,3309,3425,3543,3663,3785,3909,4035,4163,4293,4425,4559,4695,4833,4973,5115,5259,5405,5553,5703,5855,6009,6165,6323,6483,6645,6809,6975,7143,7313,7485,7659,7835,8013,8193,8375,8559,8745,8933,9123,9315,9509,9705,9903,10103,10305
12,19,28,39,52,67,84,103,124,147,172,199,228,259,292,327,364,403,444,487,532,579,628,679,732,787,844,903,964,1027,1092,1159,1228,1299,1372,1447,1524,1603,1684,1767,1852,1939,2028,2119,2212,2307,2404,2503,2604,2707,2812,2919,3028,3139,3252,3367,3484,3603,3724,3847,3972,4099,4228,4359,4492,4627,4764,4903,5044,5187,5332,5479,5628,5779,5932,6087,6244,6403,6564,6727,6892,7059,7228,7399,7572,7747,7924,8103,8284,8467,8652,8839,9028,9219,9412,9607,9804,10003,10204,10407
15,23,33,45,59,75,93,113,135,159,185,213,243,275,309,345,383,423,465,509,555,603,653,705,759,815,873,933,995,1059,1125,1193,1263,1335,1409,1485,1563,1643,1725,1809,1895,1983,2073,2165,2259,2355,2453,2553,2655,2759,2865,2973,3083,3195,3309,3425,3543,3663,3785,3909,4035,4163,4293,4425,4559,4695,4833,4973,5115,5259,5405,5553,5703,5855,6009,6165,6323,6483,6645,6809,6975,7143,7313,7485,7659,7835,8013,8193,8375,8559,8745,8933,9123,9315,9509,9705,9903,10103,10305,10509
18,27,38,51,66,83,102,123,146,171,198,227,258,291,326,363,402,443,486,531,578,627,678,731,786,843,902,963,1026,1091,1158,1227,1298,1371,1446,1523,1602,1683,1766,1851,1938,2027,2118,2211,2306,2403,2502,2603,2706,2811,2918,3027,3138,3251,3366,3483,3602,3723,3846,3971,4098,4227,4358,4491,4626,4763,4902,5043,5186,5331,5478,5627,5778,5931,6086,6243,6402,6563,6726,6891,7058,7227,7398,7571,7746,7923,8102,8283,8466,8651,8838,9027,9218,9411,9606,9803,10002,10203,10406,10611
21,31,43,57,73,91,111,133,157,183,211,241,273,307,343,381,421,463,507,553,601,651,703,757,813,871,931,993,1057,1123,1191,1261,1333,1407,1483,1561,1641,1723,1807,1893,1981,2071,2163,2257,2353,2451,2551,2653,2757,2863,2971,3081,3193,3307,3423,3541,3661,3783,3907,4033,4161,4291,4423,4557,4693,4831,4971,5113,5257,5403,5551,5701,5853,6007,6163,6321,6481,6643,6807,6973,7141,7311,7483,7657,7833,8011,8191,8373,8557,8743,8931,9121,9313,9507,9703,9901,10101,10303,10507,10713
24,35,48,63,80,99,120,143,168,195,224,255,288,323,360,399,440,483,528,575,624,675,728,783,840,899,960,1023,1088,1155,1224,1295,1368,1443,1520,1599,1680,1763,1848,1935,2024,2115,2208,2303,2400,2499,2600,2703,2808,2915,3024,3135,3248,3363,3480,3599,3720,3843,3968,4095,4224,4355,4488,4623,4760,4899,5040,5183,5328,5475,5624,5775,5928,6083,6240,6399,6560,6723,6888,7055,7224,7395,7568,7743,7920,8099,8280,8463,8648,8835,9024,9215,9408,9603,9800,9999,10200,10403,10608,10815
27,39,53,69,87,107,129,153,179,207,237,269,303,339,377,417,459,503,549,597,647,699,753,809,867,927,989,1053,1119,1187,1257,1329,1403,1479,1557,1637,1719,1803,1889,1977,2067,2159,2253,2349,2447,2547,2649,2753,2859,2967,3077,3189,3303,3419,3537,3657,3779,3903,4029,4157,4287,4419,4553,4689,4827,4967,5109,5253,5399,5547,5697,5849,6003,6159,6317,6477,6639,6803,6969,7137,7307,7479,7653,7829,8007,8187,8369,8553,8739,8927,9117,9309,9503,9699,9897,10097,10299,10503,10709,10917
30,43,58,75,94,115,138,163,190,219,250,283,318,355,394,435,478,523,570,619,670,723,778,835,894,955,1018,1083,1150,1219,1290,1363,1438,1515,1594,1675,1758,1843,1930,2019,2110,2203,2298,2395,2494,2595,2698,2803,2910,3019,3130,3243,3358,3475,3594,3715,3838,3963,4090,4219,4350,4483,4618,4755,4894,5035,5178,5323,5470,5619,5770,5923,6078,6235,6394,6555,6718,6883,7050,7219,7390,7563,7738,7915,8094,8275,8458,8643,8830,9019,9210,9403,9598,9795,9994,10195,10398,10603,10810,11019
2,3,4,5,6,7,8,9,10,11,12,13,14,15,16,17,18,19,20,21,22,23,24,25,26,27,28,29,30,31,32,33,34,35,36,37,38,39,40,41,42,43,44,45,46,47,48,49,50,51,52,53,54,55,56,57,58,59,60,61,62,63,64,65,66,67,68,69,70,71,72,73,74,75,76,77,78,79,80,81,82,83,84,85,86,87,88,89,90,91,92,93,94,95,96,97,98,99,100,101
4,6,8,10,12,14,16,18,20,22,24,26,28,30,32,34,36,38,40,42,44,46,48,50,52,54,56,58,60,62,64,66,68,70,72,74,76,78,80,82,84,86,88,90,92,94,96,98,100,102,104,106,108,110,112,114,116,118,120,122,124,126,128,130,132,134,136,138,140,142,144,146,148,150,152,154,156,158,160,162,164,166,168,170,172,174,176,178,180,182,184,186,188,190,192,194,196,198,200,202
6,9,12,15,18,21,24,27,30,33,36,39,42,45,48,51,54,57,60,63,66,69,72,75,78,81,84,87,90,93,96,99,102,105,108,111,114,117,120,123,126,129,132,135,138,141,144,147,150,153,156,159,162,165,168,171,174,177,180,183,186,189,192,195,198,201,204,207,210,213,216,219,222,225,228,231,234,237,240,243,246,249,252,255,258,261,264,267,270,273,276,279,282,285,288,291,294,297,300,303
8,12,16,20,24,28,32,36,40,44,48,52,56,60,64,68,72,76,80,84,88,92,96,100,104,108,112,116,120,124,128,132,136,140,144,148,152,156,160,164,168,172,176,180,184,188,192,196,200,204,208,212,216,220,224,228,232,236,240,244,248,252,256,260,264,268,272,276,280,284,288,292,296,300,304,308,312,316,320,324,328,332,336,340,344,348,352,356,360,364,368,372,376,380,384,388,392,396,400,404
10,15,20,25,30,35,40,45,50,55,60,65,70,75,80,85,90,95,100,105,110,115,120,125,130,135,140,145,150,155,160,165,170,175,180,185,190,195,200,205,210,215,220,225,230,235,240,245,250,255,260,265,270,275,280,285,290,295,300,305,310,315,320,325,330,335,340,345,350,355,360,365,370,375,380,385,390,395,400,405,410,415,420,425,430,435,440,445,450,455,460,465,470,475,480,485,490,495,500,505
12,18,24,30,36,42,48,54,60,66,72,78,84,90,96,102,108,114,120,126,132,138,144,150,156,162,168,174,180,186,192,198,204,210,216,222,228,234,240,246,252,258,264,270,276,282,288,294,300,306,312,318,324,330,336,342,348,354,360,366,372,378,384,390,396,402,408,414,420,426,432,438,444,450,456,462,468,474,480,486,492,498,504,510,516,522,528,534,540,546,552,558,564,570,576,582,588,594,600,606
14,21,28,35,42,49,56,63,70,77,84,91,98,105,112,119,126,133,140,147,154,161,168,175,182,189,196,203,210,217,224,231,238,245,252,259,266,273,280,287,294,301,308,315,322,329,336,343,350,357,364,371,378,385,392,399,406,413,420,427,434,441,448,455,462,469,476,483,490,497,504,511,518,525,532,539,546,553,560,567,574,581,588,595,602,609,616,623,630,637,644,651,658,665,672,679,686,693,700,707
16,24,32,40,48,56,64,72,80,88,96,104,112,120,128,136,144,152,160,168,176,184,192,200,208,216,224,232,240,248,256,264,272,280,288,296,304,312,320,328,336,344,352,360,368,376,384,392,400,408,416,424,432,440,448,456,464,472,480,488,496,504,512,520,528,536,544,552,560,568,576,584,592,600,608,616,624,632,640,648,656,664,672,680,688,696,704,712,720,728,736,744,752,760,768,776,784,792,800,808
18,27,36,45,54,63,72,81,90,99,108,117,126,135,144,153,162,171,180,189,198,207,216,225,234,243,252,261,270,279,288,297,306,315,324,333,342,351,360,369,378,387,396,405,414,423,432,441,450,459,468,477,486,495,504,513,522,531,540,549,558,567,576,585,594,603,612,621,630,639,648,657,666,675,684,693,702,711,720,729,738,747,756,765,774,783,792,801,810,819,828,837,846,855,864,873,882,891,900,909
20,30,40,50,60,70,80,90,100,110,120,130,140,150,160,170,180,190,200,210,220,230,240,250,260,270,280,290,300,310,320,330,340,350,360,370,380,390,400,410,420,430,440,450,460,470,480,490,500,510,520,530,540,550,560,570,580,590,600,610,620,630,640,650,660,670,680,690,700,710,720,730,740,750,760,770,780,790,800,810,820,830,840,850,860,870,880,890,900,910,920,930,940,950,960,970,980,990,1000,1010
1.0,1.3,1.48,1.6,1.7,1.78,1.85,1.9,1.95,2.0,2.04,2.08,2.11,2.15,2.18,2.2,2.23,2.26,2.28,2.3,2.32,2.34,2.36,2.38,2.4,2.41,2.43,2.45,2.46,2.48,2.49,2.51,2.52,2.53,2.54,2.56,2.57,2.58,2.59,2.6,2.61,2.62,2.63,2.64,2.65,2.66,2.67,2.68,2.69,2.7,2.71,2.72,2.72,2.73,2.74,2.75,2.76,2.76,2.77,2.78,2.79,2.79,2.8,2.81,2.81,2.82,2.83,2.83,2.84,2.85,2.85,2.86,2.86,2.87,2.88,2.88,2.89,2.89,2.9,2.9,2.91,2.91,2.92,2.92,2.93,2.93,2.94,2.94,2.95,2.95,2.96,2.96,2.97,2.97,2.98,2.98,2.99,2.99,3.0,3.0
11.0,11.6,11.95,12.2,12.4,12.56,12.69,12.81,12.91,13.0,13.08,13.16,13.23,13.29,13.35,13.41,13.46,13.51,13.56,13.6,13.64,13.68,13.72,13.76,13.8,13.83,13.86,13.89,13.92,13.95,13.98,14.01,14.04,14.06,14.09,14.11,14.14,14.16,14.18,14.2,14.23,14.25,14.27,14.29,14.31,14.33,14.34,14.36,14.38,14.4,14.42,14.43,14.45,14.46,14.48,14.5,14.51,14.53,14.54,14.56,14.57,14.58,14.6,14.61,14.63,14.64,14.65,14.67,14.68,14.69,14.7,14.71,14.73,14.74,14.75,14.76,14.77,14.78,14.8,14.81,14.82,14.83,14.84,14.85,14.86,14.87,14.88,14.89,14.9,14.91,14.92,14.93,14.94,14.95,14.96,14.96,14.97,14.98,14.99,15.0
21.0,21.9,22.43,22.81,23.1,23.33,23.54,23.71,23.86,24.0,24.12,24.24,24.34,24.44,24.53,24.61,24.69,24.77,24.84,24.9,24.97,25.03,25.09,25.14,25.19,25.24,25.29,25.34,25.39,25.43,25.47,25.52,25.56,25.59,25.63,25.67,25.7,25.74,25.77,25.81,25.84,25.87,25.9,25.93,25.96,25.99,26.02,26.04,26.07,26.1,26.12,26.15,26.17,26.2,26.22,26.24,26.27,26.29,26.31,26.33,26.36,26.38,26.4,26.42,26.44,26.46,26.48,26.5,26.52,26.54,26.55,26.57,26.59,26.61,26.63,26.64,26.66,26.68,26.69,26.71,26.73,26.74,26.76,26.77,26.79,26.8,26.82,26.83,26.85,26.86,26.88,26.89,26.91,26.92,26.93,26.95,26.96,26.97,26.99,27.0
31.0,32.2,32.91,33.41,33.8,34.11,34.38,34.61,34.82,35.0,35.17,35.32,35.46,35.58,35.7,35.82,35.92,36.02,36.12,36.2,36.29,36.37,36.45,36.52,36.59,36.66,36.73,36.79,36.85,36.91,36.97,37.02,37.07,37.13,37.18,37.23,37.27,37.32,37.36,37.41,37.45,37.49,37.53,37.57,37.61,37.65,37.69,37.72,37.76,37.8,37.83,37.86,37.9,37.93,37.96,37.99,38.02,38.05,38.08,38.11,38.14,38.17,38.2,38.22,38.25,38.28,38.3,38.33,38.36,38.38,38.41,38.43,38.45,38.48,38.5,38.52,38.55,38.57,38.59,38.61,38.63,38.66,38.68,38.7,38.72,38.74,38.76,38.78,38.8,38.82,38.84,38.86,38.87,38.89,38.91,38.93,38.95,38.96,38.98,39.0
41.0,42.51,43.39,44.01,44.49,44.89,45.23,45.52,45.77,46.0,46.21,46.4,46.57,46.73,46.88,47.02,47.15,47.28,47.39,47.51,47.61,47.71,47.81,47.9,47.99,48.07,48.16,48.24,48.31,48.39,48.46,48.53,48.59,48.66,48.72,48.78,48.84,48.9,48.96,49.01,49.06,49.12,49.17,49.22,49.27,49.31,49.36,49.41,49.45,49.49,49.54,49.58,49.62,49.66,49.7,49.74,49.78,49.82,49.85,49.89,49.93,49.96,50.0,50.03,50.06,50.1,50.13,50.16,50.19,50.23,50.26,50.29,50.32,50.35,50.38,50.4,50.43,50.46,50.49,50.52,50.54,50.57,50.6,50.62,50.65,50.67,50.7,50.72,50.75,50.77,50.8,50.82,50.84,50.87,50.89,50.91,50.93,50.96,50.98,51.0
51.0,52.81,53.86,54.61,55.19,55.67,56.07,56.42,56.73,57.0,57.25,57.48,57.68,57.88,58.06,58.22,58.38,58.53,58.67,58.81,58.93,59.05,59.17,59.28,59.39,59.49,59.59,59.68,59.77,59.86,59.95,60.03,60.11,60.19,60.26,60.34,60.41,60.48,60.55,60.61,60.68,60.74,60.8,60.86,60.92,60.98,61.03,61.09,61.14,61.19,61.25,61.3,61.35,61.39,61.44,61.49,61.54,61.58,61.63,61.67,61.71,61.75,61.8,61.84,61.88,61.92,61.96,62.0,62.03,62.07,62.11,62.14,62.18,62.22,62.25,62.28,62.32,62.35,62.39,62.42,62.45,62.48,62.51,62.55,62.58,62.61,62.64,62.67,62.7,62.73,62.75,62.78,62.81,62.84,62.87,62.89,62.92,62.95,62.97,63.0
61.0,63.11,64.34,65.21,65.89,66.45,66.92,67.32,67.68,68.0,68.29,68.55,68.8,69.02,69.23,69.43,69.61,69.79,69.95,70.11,70.26,70.4,70.53,70.66,70.79,70.9,71.02,71.13,71.24,71.34,71.44,71.54,71.63,71.72,71.81,71.89,71.98,72.06,72.14,72.21,72.29,72.36,72.43,72.5,72.57,72.64,72.7,72.77,72.83,72.89,72.95,73.01,73.07,73.13,73.18,73.24,73.29,73.34,73.4,73.45,73.5,73.55,73.6,73.64,73.69,73.74,73.78,73.83,73.87,73.92,73.96,74.0,74.04,74.08,74.13,74.17,74.21,74.24,74.28,74.32,74.36,74.4,74.43,74.47,74.51,74.54,74.58,74.61,74.65,74.68,74.71,74.75,74.78,74.81,74.84,74.88,74.91,74.94,74.97,75.0
71.0,73.41,74.82,75.82,76.59,77.23,77.76,78.22,78.63,79.0,79.33,79.63,79.91,80.17,80.41,80.63,80.84,81.04,81.23,81.41,81.58,81.74,81.89,82.04,82.18,82.32,82.45,82.58,82.7,82.82,82.93,83.04,83.15,83.25,83.35,83.45,83.55,83.64,83.73,83.82,83.9,83.99,84.07,84.15,84.23,84.3,84.38,84.45,84.52,84.59,84.66,84.73,84.79,84.86,84.92,84.99,85.05,85.11,85.17,85.23,85.28,85.34,85.39,85.45,85.5,85.56,85.61,85.66,85.71,85.76,85.81,85.86,85.91,85.95,86.0,86.05,86.09,86.14,86.18,86.22,86.27,86.31,86.35,86.39,86.44,86.48,86.52,86.56,86.6,86.63,86.67,86.71,86.75,86.79,86.82,86.86,86.89,86.93,86.97,87.0
81.0,83.71,85.29,86.42,87.29,88.0,88.61,89.13,89.59,90.0,90.37,90.71,91.03,91.32,91.58,91.84,92.07,92.3,92.51,92.71,92.9,93.08,93.26,93.42,93.58,93.73,93.88,94.02,94.16,94.29,94.42,94.55,94.67,94.78,94.9,95.01,95.11,95.22,95.32,95.42,95.52,95.61,95.7,95.79,95.88,95.96,96.05,96.13,96.21,96.29,96.37,96.44,96.52,96.59,96.66,96.73,96.8,96.87,96.94,97.0,97.07,97.13,97.19,97.26,97.32,97.38,97.43,97.49,97.55,97.61,97.66,97.72,97.77,97.82,97.88,97.93,97.98,98.03,98.08,98.13,98.18,98.22,98.27,98.32,98.36,98.41,98.46,98.5,98.54,98.59,98.63,98.67,98.72,98.76,98.8,98.84,98.88,98.92,98.96,99.0
91.0,94.01,95.77,97.02,97.99,98.78,99.45,100.03,100.54,101.0,101.41,101.79,102.14,102.46,102.76,103.04,103.3,103.55,103.79,104.01,104.22,104.42,104.62,104.8,104.98,105.15,105.31,105.47,105.62,105.77,105.91,106.05,106.19,106.31,106.44,106.56,106.68,106.8,106.91,107.02,107.13,107.23,107.33,107.43,107.53,107.63,107.72,107.81,107.9,107.99,108.08,108.16,108.24,108.32,108.4,108.48,108.56,108.63,108.71,108.78,108.85,108.92,108.99,109.06,109.13,109.2,109.26,109.33,109.39,109.45,109.51,109.57,109.63,109.69,109.75,109.81,109.86,109.92,109.98,110.03,110.08,110.14,110.19,110.24,110.29,110.34,110.4,110.44,110.49,110.54,110.59,110.64,110.68,110.73,110.78,110.82,110.87,110.91,110.96,111.0
